1,A Bathing Ape,A Bathing Ape A Bathing Ape for women and men,woody,130,balsamic,91,powdery,78,warm spicy,52,,,,,1,1,25,25,100,25,50,50,0
2,A Dozen Roses,Amber Queen A Dozen Roses for women,citrus,130,rose,122,fruity,106,fresh spicy,70,sweet,64,amber,61,35,100,23,14,35,29,32,44,
3,A Dozen Roses,Angel Face A Dozen Roses for women,floral,130,woody,114,aromatic,102,rose,99,fruity,89,,,64,100,29,22,38,51,54,51,
4,A Dozen Roses,Electron A Dozen Roses for women,ozonic,130,green,125,rose,93,musky,73,aquatic,59,,,66,80,100,33,80,86,33,93,
5,A Dozen Roses,Gold Rush A Dozen Roses for women,sweet,130,woody,105,rose,78,yellow floral,74,cacao,67,warm spicy,67,90,100,23,60,46,43,70,53,
6,A Dozen Roses,Iced White A Dozen Roses for women,floral,130,rose,76,musky,50,fresh,49,fruity,33,,,92,100,69,46,69,53,53,84,
7,A Dozen Roses,Shakespeare in Love A Dozen Roses for women,white floral,130,rose,109,vanilla,77,woody,62,fruity,60,sweet,55,34,100,61,34,50,42,38,65,
8,A La Russe,Rouge A La Russe for women,vanilla,130,amber,65,balsamic,52,fresh spicy,49,powdery,39,,,1,1,1,1,1,1,1,1,
9,A Lab on Fire,Almost Transparent Blue A Lab on Fire for women and men,citrus,130,woody,90,fresh spicy,81,aromatic,79,herbal,57,aldehydic,54,84,75,18,30,84,96,36,100,
10,A Lab on Fire,Eau d`Ipanema A Lab on Fire for women and men,sweet,130,fruity,106,tropical,71,white floral,64,citrus,63,,,44,100,33,1,66,88,11,88,
11,A Lab on Fire,L'Anonyme ou OP-1475-A A Lab on Fire for women and men,fresh spicy,130,aromatic,96,woody,78,citrus,75,leather,46,,,79,100,25,20,66,43,41,69,
12,A Lab on Fire,Liquidnight A Lab on Fire for women and men,aromatic,130,fresh spicy,86,balsamic,78,woody,76,citrus,69,vanilla,63,100,74,30,38,28,23,52,37,
14,A Lab on Fire,Messy Sexy Just Rolled out of Bed A Lab on Fire for women and men,vanilla,130,sweet,127,floral,115,balsamic,89,powdery,88,aromatic,81,100,60,10,40,30,20,60,70,
15,A Lab on Fire,My Own Private Teahupo'o A Lab on Fire for women and men,vanilla,130,amber,121,white floral,109,salty,83,fruity,64,,,1,33,1,66,66,66,100,66,
16,A Lab on Fire,Oxymusc A Lab on Fire for women and men,floral,130,aromatic,109,herbal,89,fresh spicy,83,vanilla,71,musky,71,20,20,100,40,40,20,40,40,
17,A Lab on Fire,Paris*L.A. A Lab on Fire for women and men,coca-cola,130,sweet,128,citrus,99,fresh spicy,98,gourmand,55,,,100,64,45,32,29,18,32,43,
18,A Lab on Fire,Rose Rebelle A Lab on Fire for women,cacao,130,rose,121,warm spicy,78,sweet,52,floral,12,,,33,88,100,55,22,22,55,55,
19,A Lab on Fire,Rose Rebelle Respawn A Lab on Fire for women,warm spicy,130,green,120,cacao,91,rose,86,floral,73,,,100,52,76,35,29,23,47,41,
20,A Lab on Fire,Sweet Dreams 2003 A Lab on Fire for women and men,white floral,130,citrus,113,musky,47,fresh spicy,42,aromatic,35,,,76,100,23,6,63,46,20,63,
21,A Lab on Fire,What We Do In Paris Is Secret A Lab on Fire for women and men,balsamic,130,powdery,124,vanilla,117,sweet,106,floral,89,honey,87,100,80,23,37,19,12,34,41,
22,A Lab on Fire,Mon Musc a Moi A Lab on Fire for women and men,sweet,130,floral,119,vanilla,113,musky,90,rose,85,,,100,64,42,64,50,50,57,78,
23,A Lab on Fire,One Night In Rio A Lab on Fire for women,white floral,130,fruity,124,sweet,102,fresh spicy,100,tropical,100,floral,94,71,100,42,1,57,42,14,71,
24,A Perfume Organic,Green A Perfume Organic for women and men,woody,130,yellow floral,93,warm spicy,80,rose,66,herbal,,,64,80,40,20,100,100,100,100,100,
25,A Perfume Organic,Mejica A Perfume Organic for women and men,balsamic,130,warm spicy,120,vanilla,120,powdery,36,sweet,,,24,100,37,37,62,37,50,75,87,
1,A Bathing Ape,A Bathing Ape A Bathing Ape for women and men,woody,130,balsamic,91,powdery,78,warm spicy,52,,,,,1,1,25,25,100,25,50,50,
2,A Dozen Roses,Amber Queen A Dozen Roses for women,citrus,130,rose,122,fruity,106,fresh spicy,70,sweet,64,amber,61,35,100,23,14,35,29,32,44,
3,A Dozen Roses,Angel Face A Dozen Roses for women,floral,130,woody,114,aromatic,102,rose,99,fruity,89,,,64,100,29,22,38,51,54,51,
4,A Dozen Roses,Electron A Dozen Roses for women,ozonic,130,green,125,rose,93,musky,73,aquatic,59,,,66,80,100,33,80,86,33,93,
5,A Dozen Roses,Gold Rush A Dozen Roses for women,sweet,130,woody,105,rose,78,yellow floral,74,cacao,67,warm spicy,67,90,100,23,60,46,43,70,53,
6,A Dozen Roses,Iced White A Dozen Roses for women,floral,130,rose,76,musky,50,fresh,49,fruity,33,,,92,100,69,46,69,53,53,84,
1,A Bathing Ape,A Bathing Ape A Bathing Ape for women and men,woody,130,balsamic,91,powdery,78,warm spicy,52,,,,,1,1,25,25,100,25,50,50,
2,A Dozen Roses,Amber Queen A Dozen Roses for women,citrus,130,rose,122,fruity,106,fresh spicy,70,sweet,64,amber,61,35,100,23,14,35,29,32,44,
3,A Dozen Roses,Angel Face A Dozen Roses for women,floral,130,woody,114,aromatic,102,rose,99,fruity,89,,,64,100,29,22,38,51,54,51,
4,A Dozen Roses,Electron A Dozen Roses for women,ozonic,130,green,125,rose,93,musky,73,aquatic,59,,,66,80,100,33,80,86,33,93,
5,A Dozen Roses,Gold Rush A Dozen Roses for women,sweet,130,woody,105,rose,78,yellow floral,74,cacao,67,warm spicy,67,90,100,23,60,46,43,70,53,
6,A Dozen Roses,Iced White A Dozen Roses for women,floral,130,rose,76,musky,50,fresh,49,fruity,33,,,92,100,69,46,69,53,53,84,
7,A Dozen Roses,Shakespeare in Love A Dozen Roses for women,white floral,130,rose,109,vanilla,77,woody,62,fruity,60,sweet,55,34,100,61,34,50,42,38,65,
8,A La Russe,Rouge A La Russe for women,vanilla,130,amber,65,balsamic,52,fresh spicy,49,powdery,39,,,1,1,1,1,1,1,1,1,
9,A Lab on Fire,Almost Transparent Blue A Lab on Fire for women and men,citrus,130,woody,90,fresh spicy,81,aromatic,79,herbal,57,aldehydic,54,84,75,18,30,84,96,36,100,
10,A Lab on Fire,Eau d`Ipanema A Lab on Fire for women and men,sweet,130,fruity,106,tropical,71,white floral,64,citrus,63,,,44,100,33,1,66,88,11,88,
11,A Lab on Fire,L'Anonyme ou OP-1475-A A Lab on Fire for women and men,fresh spicy,130,aromatic,96,woody,78,citrus,75,leather,46,,,79,100,25,20,66,43,41,69,
12,A Lab on Fire,Liquidnight A Lab on Fire for women and men,aromatic,130,fresh spicy,86,balsamic,78,woody,76,citrus,69,vanilla,63,100,74,30,38,28,23,52,37,
14,A Lab on Fire,Messy Sexy Just Rolled out of Bed A Lab on Fire for women and men,vanilla,130,sweet,127,floral,115,balsamic,89,powdery,88,aromatic,81,100,60,10,40,30,20,60,70,
15,A Lab on Fire,My Own Private Teahupo'o A Lab on Fire for women and men,vanilla,130,amber,121,white floral,109,salty,83,fruity,64,,,1,33,1,66,66,66,100,66,
16,A Lab on Fire,Oxymusc A Lab on Fire for women and men,floral,130,aromatic,109,herbal,89,fresh spicy,83,vanilla,71,musky,71,20,20,100,40,40,20,40,40,
17,A Lab on Fire,Paris*L.A. A Lab on Fire for women and men,coca-cola,130,sweet,128,citrus,99,fresh spicy,98,gourmand,55,,,100,64,45,32,29,18,32,43,
18,A Lab on Fire,Rose Rebelle A Lab on Fire for women,cacao,130,rose,121,warm spicy,78,sweet,52,floral,12,,,33,88,100,55,22,22,55,55,
19,A Lab on Fire,Rose Rebelle Respawn A Lab on Fire for women,warm spicy,130,green,120,cacao,91,rose,86,floral,73,,,100,52,76,35,29,23,47,41,
20,A Lab on Fire,Sweet Dreams 2003 A Lab on Fire for women and men,white floral,130,citrus,113,musky,47,fresh spicy,42,aromatic,35,,,76,100,23,6,63,46,20,63,
21,A Lab on Fire,What We Do In Paris Is Secret A Lab on Fire for women and men,balsamic,130,powdery,124,vanilla,117,sweet,106,floral,89,honey,87,100,80,23,37,19,12,34,41,
22,A Lab on Fire,Mon Musc a Moi A Lab on Fire for women and men,sweet,130,floral,119,vanilla,113,musky,90,rose,85,,,100,64,42,64,50,50,57,78,
23,A Lab on Fire,One Night In Rio A Lab on Fire for women,white floral,130,fruity,124,sweet,102,fresh spicy,100,tropical,100,floral,94,71,100,42,1,57,42,14,71,
24,A Perfume Organic,Green A Perfume Organic for women and men,woody,130,yellow floral,93,warm spicy,80,rose,66,herbal,64,,,80,40,20,100,100,100,100,100,
25,A Perfume Organic,Mejica A Perfume Organic for women and men,balsamic,130,warm spicy,120,vanilla,120,powdery,36,sweet,24,,,100,37,37,62,37,50,75,87,
26,A Perfume Organic,Perfumed Wine - Rosé A Perfume Organic for women and men,fruity,130,woody,82,warm spicy,68,fresh,66,sour,39,sweet,36,80,40,40,80,60,60,100,100,
27,A Perfume Organic,Urban Organic A Perfume Organic for women and men,citrus,130,fresh spicy,119,green,102,aromatic,69,woody,67,,,11,55,33,44,66,77,55,100,
28,A Perfume Organic,White Magik A Perfume Organic for women and men,white floral,130,musky,118,amber,82,powdery,62,aromatic,61,,,20,80,60,80,80,80,80,100,
29,A Wing & A Prayer Perfumes,Big Sur A Wing & A Prayer Perfumes for women and men,aromatic,130,sweet,90,rose,80,fruity,73,woody,58,fresh spicy,58,1,1,1,1,1,1,1,1,
30,A Wing & A Prayer Perfumes,Carmel A Wing & A Prayer Perfumes for women and men,aromatic,130,woody,106,marine,82,earthy,57,fresh spicy,57,,,1,1,1,1,1,1,1,1,
31,A Wing & A Prayer Perfumes,Filoli Rose A Wing & A Prayer Perfumes for women,floral,130,rose,118,aquatic,118,fresh,60,citrus,7,,,1,100,1,1,100,1,1,100,
32,A Wing & A Prayer Perfumes,Haight & Ashbury A Wing & A Prayer Perfumes for women and men,amber,130,balsamic,118,patchouli,80,warm spicy,61,woody,61,,,1,100,1,50,1,1,1,50,
33,A Wing & A Prayer Perfumes,HOLLY wOUD & VINE A Wing & A Prayer Perfumes for women and men,aromatic,130,fresh spicy,116,green,105,citrus,99,fresh,97,,,100,100,1,1,1,1,1,100,
34,A Wing & A Prayer Perfumes,Napa A Wing & A Prayer Perfumes for women and men,aromatic,130,fresh spicy,101,floral,94,herbal,90,sweet,22,,,1,100,1,1,1,1,1,1,
35,A Wing & A Prayer Perfumes,Orange County A Wing & A Prayer Perfumes for women and men,vanilla,130,citrus,124,powdery,38,sweet,38,fresh spicy,26,terpenic,26,1,1,1,1,1,1,1,1,
36,A Wing & A Prayer Perfumes,Tahoe A Wing & A Prayer Perfumes for women and men,woody,130,balsamic,86,warm spicy,42,powdery,38,sweet,25,,,1,1,1,1,1,1,1,1,
37,A Wing & A Prayer Perfumes,Azure Perfume A Wing & A Prayer Perfumes for women and men,citrus,130,green,98,aromatic,91,fresh spicy,81,floral,56,,,1,1,1,1,1,1,1,1,
38,A Wing & A Prayer Perfumes,CHANG'E Perfume A Wing & A Prayer Perfumes for women,fruity,130,amber,108,woody,87,floral,84,powdery,54,animalic,52,50,100,1,1,1,1,1,1,
39,A Wing & A Prayer Perfumes,Dusk A Wing & A Prayer Perfumes for women and men,woody,130,earthy,90,citrus,73,aromatic,51,green,44,,,1,1,1,1,1,1,1,1,
40,A Wing & A Prayer Perfumes,Jade A Wing & A Prayer Perfumes for women and men,floral,130,fresh spicy,101,aromatic,93,white floral,44,citrus,44,,,1,100,1,1,1,1,1,1,
41,A Wing & A Prayer Perfumes,La Isla del Sol A Wing & A Prayer Perfumes for women and men,citrus,130,white floral,93,amber,70,sweet,56,fresh spicy,47,honey,47,1,1,1,100,100,100,100,100,
42,A Wing & A Prayer Perfumes,Morning Mist A Wing & A Prayer Perfumes for women and men,amber,130,floral,117,animalic,53,balsamic,27,powdery,21,,,1,1,1,1,1,1,1,1,
43,A Wing & A Prayer Perfumes,SkyDancer A Wing & A Prayer Perfumes for men,woody,130,powdery,94,musky,77,floral,69,citrus,50,warm spicy,48,100,100,1,1,1,1,1,1,
44,A Wing & A Prayer Perfumes,Summer A Wing & A Prayer Perfumes for women and men,green,130,citrus,93,fresh,47,ozonic,47,aromatic,29,,,1,1,1,1,1,1,1,1,
45,A Wing & A Prayer Perfumes,Summer Varies A Wing & A Prayer Perfumes for women and men,yellow floral,130,vanilla,130,citrus,130,balsamic,130,smoky,117,,,1,1,1,1,1,1,1,1,
46,A Wing & A Prayer Perfumes,Verde Perfume A Wing & A Prayer Perfumes for women,citrus,130,green,130,aromatic,77,fresh spicy,56,floral,43,rose,43,1,1,1,1,1,1,1,1,
47,A Wing & A Prayer Perfumes,Bellini Perfume Oil A Wing & A Prayer Perfumes for women and men,floral,130,white floral,88,fruity,71,powdery,66,green,66,woody,66,1,1,1,1,1,1,1,1,
48,A Wing & A Prayer Perfumes,Ginger Spice A Wing & A Prayer Perfumes for women and men,fresh spicy,130,amber,109,woody,109,citrus,109,fresh,55,,,1,1,1,1,1,1,1,1,
49,A Wing & A Prayer Perfumes,Lemon Ice A Wing & A Prayer Perfumes for women and men,citrus,130,green,53,sour,53,sweet,53,aromatic,40,,,1,1,100,1,100,50,50,50,
50,A Wing & A Prayer Perfumes,Mojitos A Wing & A Prayer Perfumes for women and men,green,130,citrus,81,fresh spicy,68,balsamic,65,aromatic,62,,,1,1,1,1,1,1,1,1,
51,A Wing & A Prayer Perfumes,Orange Spice A Wing & A Prayer Perfumes for women and men,vanilla,130,citrus,124,warm spicy,124,powdery,38,sweet,38,,,1,1,1,1,1,1,1,1,
52,A Wing & A Prayer Perfumes,Pink Pamplemousse A Wing & A Prayer Perfumes for women and men,citrus,130,fresh,49,fresh spicy,26,green,7,soapy,7,woody,7,1,1,1,100,100,100,100,100,
53,A Wing & A Prayer Perfumes,Sabra CoCo A Wing & A Prayer Perfumes for women and men,vanilla,130,citrus,124,cacao,124,sweet,87,warm spicy,75,,,100,1,1,100,100,1,100,100,
54,A Wing & A Prayer Perfumes,Tea and Lemon A Wing & A Prayer Perfumes for women and men,green,130,citrus,93,fresh,47,ozonic,47,aromatic,29,,,1,100,1,1,1,1,1,1,
55,A Wing & A Prayer Perfumes,Dreams and Visions A Wing & A Prayer Perfumes for women and men,woody,130,patchouli,106,balsamic,106,warm spicy,96,powdery,93,,,1,1,1,100,100,100,100,100,
56,A Wing & A Prayer Perfumes,Flowers A Wing & A Prayer Perfumes for women,white floral,130,floral,87,sweet,52,animalic,26,honey,26,,,100,1,1,1,1,1,1,1,
57,A Wing & A Prayer Perfumes,Honeysuckle Rose A Wing & A Prayer Perfumes for women,citrus,130,white floral,107,rose,67,honey,67,sweet,64,,,1,100,1,1,1,1,1,1,
58,A Wing & A Prayer Perfumes,LACE Perfume A Wing & A Prayer Perfumes for women and men,aromatic,130,fresh spicy,130,green,72,citrus,69,floral,63,,,1,1,1,1,1,1,1,1,
59,A Wing & A Prayer Perfumes,Lavender and Roses A Wing & A Prayer Perfumes for women and men,rose,130,floral,33,aromatic,33,fresh spicy,26,herbal,10,,,1,1,1,1,1,1,1,1,
60,A Wing & A Prayer Perfumes,Lavender Fields A Wing & A Prayer Perfumes for women and men,aromatic,130,fresh spicy,130,citrus,105,rose,100,floral,85,,,1,1,1,1,1,1,1,1,
61,A Wing & A Prayer Perfumes,Summer Afternoon A Wing & A Prayer Perfumes for women and men,fresh spicy,130,aromatic,109,warm spicy,88,rose,81,woody,79,,,100,1,1,1,100,100,1,100,
62,A Wing & A Prayer Perfumes,Tea Rose A Wing & A Prayer Perfumes for women,white floral,130,rose,69,amber,69,animalic,28,sweet,28,,,1,1,1,1,1,1,1,1,
63,A Wing & A Prayer Perfumes,Bella A Wing & A Prayer Perfumes for women,citrus,130,fresh spicy,87,aromatic,53,rose,35,herbal,25,floral,23,1,50,1,50,50,100,50,50,
64,A Wing & A Prayer Perfumes,Bronte Perfume A Wing & A Prayer Perfumes for women,amber,130,animalic,79,musky,74,floral,71,citrus,60,tuberose,57,1,100,100,1,1,1,1,1,
65,A Wing & A Prayer Perfumes,Caliente Perfume A Wing & A Prayer Perfumes for women and men,citrus,130,aromatic,124,white floral,91,balsamic,75,powdery,75,,,1,100,1,50,1,1,1,50,
66,A Wing & A Prayer Perfumes,Epione A Wing & A Prayer Perfumes for women,white floral,130,rose,68,citrus,52,aromatic,37,amber,34,,,100,1,1,1,1,1,100,100,
67,A Wing & A Prayer Perfumes,Gemini A Wing & A Prayer Perfumes for women and men,citrus,130,fresh spicy,73,woody,62,aromatic,55,green,30,,,1,1,1,1,1,1,1,1,
68,A Wing & A Prayer Perfumes,KISMET Perfume A Wing & A Prayer Perfumes for women,white floral,130,fruity,111,sweet,111,green,91,powdery,75,citrus,69,1,1,1,1,1,1,1,1,
69,A Wing & A Prayer Perfumes,SAGITTARIUS Cologne A Wing & A Prayer Perfumes for men,citrus,130,woody,87,powdery,57,balsamic,33,green,31,musky,31,1,1,1,1,1,1,1,1,
70,A Wing & A Prayer Perfumes,Sarah A Wing & A Prayer Perfumes for women,vanilla,130,powdery,40,sweet,27,soft spicy,1,woody,1,,,1,1,1,1,1,1,1,1,
71,A Wing & A Prayer Perfumes,Shalott Rose A Wing & A Prayer Perfumes for women,balsamic,130,amber,106,powdery,93,woody,90,citrus,82,,,1,100,1,1,1,1,1,1,
72,A Wing & A Prayer Perfumes,Tallulah B A Wing & A Prayer Perfumes for women,white floral,130,citrus,128,woody,110,floral,73,warm spicy,70,,,1,1,1,1,1,1,1,1,
74,A.B.R. Barlach,Bond. James Bond Le Parfum A.B.R. Barlach for women,musky,130,floral,111,vanilla,93,citrus,37,powdery,28,,,1,33,1,66,33,66,66,33,
75,A.P. Durand Parfums,Infidele A.P. Durand Parfums for women,citrus,130,sweet,125,woody,125,floral,119,powdery,109,,,1,1,1,1,1,1,1,1,
76,A.P. Durand Parfums,Magic Life A.P. Durand Parfums for women,white floral,130,sweet,65,rose,63,tuberose,61,fruity,57,vanilla,53,1,1,1,1,1,1,1,1,
77,A.P. Durand Parfums,Prestige Flower A.P. Durand Parfums for women,sweet,130,fruity,104,woody,104,powdery,87,citrus,81,,,50,100,1,1,100,100,1,100,
78,A.P. Durand Parfums,Prestige Honey A.P. Durand Parfums for women,citrus,130,white floral,118,woody,96,musky,95,amber,95,fruity,93,75,25,25,75,75,50,75,50,
79,A.P. Durand Parfums,Prestige Lady A.P. Durand Parfums for women,white floral,130,sweet,99,honey,79,vanilla,71,citrus,65,,,33,1,1,66,100,66,100,100,
80,A.P. Durand Parfums,Promis Jure A.P. Durand Parfums for women,floral,130,green,68,powdery,59,citrus,53,white floral,51,woody,47,25,1,50,75,100,50,75,75,
81,A.P. Durand Parfums,Rupture A.P. Durand Parfums for men,citrus,130,fresh spicy,117,green,65,warm spicy,61,woody,48,leather,44,1,1,1,1,1,1,1,1,
82,A.P. Durand Parfums,Rupture Women A.P. Durand Parfums for women,sweet,130,fruity,108,citrus,76,rose,76,vanilla,76,musky,73,1,100,1,1,1,1,1,1,
83,A.P. Durand Parfums,What Else Men A.P. Durand Parfums for men,fresh spicy,130,citrus,126,woody,125,aromatic,124,green,83,,,25,1,50,50,100,50,75,75,
84,A.P. Durand Parfums,What Else Women A.P. Durand Parfums for women,fruity,130,citrus,91,rose,70,sweet,51,floral,39,powdery,39,100,50,1,1,50,50,50,50,
85,Abahna,Frangipani & Orange Blossom Abahna for women,white floral,130,citrus,48,sweet,22,soapy,16,fruity,8,,,100,25,1,25,50,50,25,50,
86,Abahna,Lilac Rose & Geranium Abahna for women,floral,130,rose,110,fresh spicy,100,aromatic,80,fresh,51,,,100,100,1,1,100,100,100,100,
87,Abahna,Mandarin & Sicilian Bergamot Abahna for women,citrus,130,fresh spicy,33,aromatic,20,fruity,13,green,13,,,75,50,1,25,50,100,50,50,
88,Abahna,Vetiver & Cedarwood Abahna for women and men,woody,130,aromatic,46,green,39,earthy,36,powdery,7,,,1,100,1,1,100,1,100,1,
89,Abahna,White Grapefruit & May Chang Abahna for women,citrus,130,fresh,36,fresh spicy,29,green,15,sweet,15,,,50,50,1,50,50,100,50,50,
90,Abbott New York City,Mojave Abbott New York City for women and men,fresh spicy,130,tobacco,56,warm spicy,31,sweet,22,leather,14,,,50,75,25,75,75,50,100,50,
1,Radioactive Mushrooms in the Forest,Costa Radioactive Mushrooms in the Forest for women and men,white floral,130,citrus,54,aromatic,24,green,24,sweet,21,,,1,1,1,1,1,1,1,1,
2,Radioactive Mushrooms in the Forest,Gypsy Radioactive Mushrooms in the Forest for women and men,vanilla,130,rose,130,woody,130,powdery,53,sweet,27,,,1,1,1,1,1,1,1,1,
3,Radioactive Mushrooms in the Forest,Lolita Radioactive Mushrooms in the Forest for women and men,rose,130,aromatic,130,cacao,130,fresh spicy,104,floral,91,,,1,1,1,1,1,1,1,1,
4,Radioactive Mushrooms in the Forest,Maya Radioactive Mushrooms in the Forest for women and men,aromatic,130,fresh spicy,112,white floral,52,herbal,47,balsamic,32,,,1,1,1,1,1,1,1,1,
5,Radioactive Mushrooms in the Forest,Mermaid Radioactive Mushrooms in the Forest for women and men,citrus,130,fresh spicy,104,aromatic,100,floral,70,fresh,44,white floral,44,1,1,1,1,1,1,1,1,
6,Radioactive Mushrooms in the Forest,Mornings Radioactive Mushrooms in the Forest for women and men,coffee,130,herbal,104,warm spicy,79,floral,53,aromatic,40,,,1,1,1,1,1,1,1,1,
7,Radioactive Mushrooms in the Forest,Toshi Radioactive Mushrooms in the Forest for women and men,aromatic,130,fresh spicy,87,green,68,herbal,65,citrus,62,,,1,1,1,1,1,1,1,1,
8,Radley,Radley Eau de Parfum Radley for women,white floral,130,balsamic,127,smoky,101,woody,85,sweet,85,musky,85,33,66,1,100,66,1,66,66,
9,Rag & Bone,Amber Rag & Bone for women and men,amber,130,animalic,53,balsamic,27,powdery,21,marine,14,,,100,50,100,50,1,1,50,50,
10,Rag & Bone,Bergamot Rag & Bone for women and men,citrus,130,fresh spicy,65,aromatic,39,floral,20,green,13,powdery,13,100,33,33,1,66,66,1,33,
11,Rag & Bone,Cypress Rag & Bone for women and men,woody,130,aromatic,101,fresh spicy,59,green,16,,,,,50,1,1,1,50,50,1,100,
12,Rag & Bone,Encens Rag & Bone for women and men,balsamic,130,smoky,104,warm spicy,53,woody,1,,,,,66,100,1,1,66,1,66,66,
13,Rag & Bone,Neroli Rag & Bone for women and men,white floral,130,citrus,130,narcotic,105,fresh,79,floral,54,fresh spicy,54,50,100,100,1,1,1,1,1,
15,Rag & Bone,Oud Rag & Bone for women and men,oud,130,fresh spicy,27,balsamic,1,woody,1,,,,,50,1,100,1,1,1,1,1,
16,Rag & Bone,Rose Rag & Bone for women and men,rose,130,floral,13,citrus,7,,,,,,,1,100,50,1,1,1,1,50,
17,Rallet,47 Vyatskaya St Rallet for women,floral,130,woody,106,patchouli,106,fruity,103,warm spicy,86,white floral,84,1,100,50,100,100,50,100,100,
18,Rallet,Aqua Mystique Rallet for women,citrus,130,fresh spicy,71,aromatic,57,green,45,white floral,24,,,1,100,1,1,100,100,1,100,
19,Rallet,Flou Artistique Rallet for women,woody,130,powdery,125,balsamic,107,floral,75,fruity,73,musky,72,50,1,1,100,50,50,100,50,
20,Rallet,Sada Yakko Rallet for women,floral,130,citrus,100,white floral,100,powdery,97,balsamic,77,herbal,70,1,1,1,1,1,1,1,1,
21,Rallet,Soir Antique Rallet for women and men,woody,130,white floral,78,balsamic,61,tuberose,44,powdery,44,citrus,44,1,1,1,1,1,1,1,1,
22,Rallet,Spectre Noir Rallet for women,woody,130,citrus,123,aromatic,114,leather,67,herbal,61,earthy,59,100,50,1,50,1,1,50,1,
23,Ralph Lauren,Big Pony 1 Ralph Lauren for men,citrus,130,woody,53,conifer,25,fresh spicy,22,aromatic,17,green,17,28,100,42,5,28,63,9,64,
24,Ralph Lauren,Big Pony 2 Ralph Lauren for men,cacao,130,musky,115,warm spicy,109,sweet,104,,,,,27,100,67,40,20,10,46,50,
25,Ralph Lauren,Big Pony 3 Ralph Lauren for men,fresh spicy,130,green,87,aromatic,61,,,,,,,35,100,42,6,53,58,10,67,
26,Ralph Lauren,Big Pony 4 Ralph Lauren for men,citrus,130,woody,85,fruity,13,fresh,13,fresh spicy,13,,,25,100,38,8,42,53,20,66,
27,Ralph Lauren,Chaps Ralph Lauren for men,woody,130,aromatic,113,warm spicy,96,earthy,75,leather,69,,,72,100,50,43,16,8,50,37,
28,Ralph Lauren,Chaps 2007 Ralph Lauren for men,aromatic,130,musky,100,fresh spicy,82,warm spicy,74,citrus,54,floral,49,100,28,42,71,14,1,42,42,
1,Abbott New York City,Mojave Abbott New York City for women and men,fresh spicy,130,tobacco,56,warm spicy,31,sweet,22,leather,14,,,50,75,25,75,75,50,100,50,
2,Abbott New York City,Sequoia Abbott New York City for women and men,woody,130,balsamic,128,smoky,83,warm spicy,56,fresh spicy,35,,,14,100,1,57,57,14,71,57,
3,Abbott New York City,Telluride Abbott New York City for women and men,balsamic,130,warm spicy,111,amber,95,aromatic,95,powdery,86,woody,79,20,40,60,80,60,20,100,20,
4,Abbott New York City,The Cape Abbott New York City for women and men,fresh spicy,130,warm spicy,92,woody,58,citrus,51,earthy,50,,,1,100,100,1,100,66,100,100,
5,Abdul Karim Al Faransi,Oud Abiyad Origins Abdul Karim Al Faransi for women and men,citrus,130,fresh spicy,61,amber,44,musky,44,woody,44,oud,44,1,100,1,1,100,100,1,100,
6,Abdul Karim Al Faransi,Oud Assam Abdul Karim Al Faransi for women and men,woody,130,warm spicy,91,oud,65,balsamic,46,powdery,39,,,100,1,1,1,100,50,100,100,
7,Abdul Karim Al Faransi,Oud Abyad Abdul Karim Al Faransi for women and men,citrus,130,fresh spicy,72,musky,72,woody,58,green,52,,,100,33,33,50,83,66,83,83,
8,Abdul Karim Al Faransi,Oud Al Amir Abdul Karim Al Faransi for men,honey,130,sweet,121,caramel,89,woody,89,fruity,41,floral,39,100,23,5,52,17,5,41,11,
9,Abdul Karim Al Faransi,Oud Borneo Abdul Karim Al Faransi for men,oud,130,woody,100,patchouli,60,vanilla,40,warm spicy,30,,,100,33,16,66,1,1,66,33,
10,Abdul Karim Al Faransi,Oud Cambodi Abdul Karim Al Faransi for men,balsamic,130,oud,87,woody,43,sweet,43,smoky,35,,,100,33,1,66,50,1,66,50,
11,Abdul Karim Al Faransi,Oud Hindi Royal Abdul Karim Al Faransi for men,sweet,130,woody,119,cacao,80,honey,66,fruity,40,,,80,100,1,80,20,1,80,20,
12,Abdul Karim Al Faransi,Oud Kalimantan Abdul Karim Al Faransi for men,oud,130,balsamic,109,woody,108,patchouli,76,warm spicy,73,smoky,69,100,50,1,75,25,25,75,50,
13,Abdul Karim Al Faransi,Amber 4000 Abdul Karim Al Faransi for men,warm spicy,130,amber,109,woody,75,balsamic,74,powdery,61,,,100,1,1,42,57,42,71,42,
14,Abdul Karim Al Faransi,Amber Afghani Abdul Karim Al Faransi for men,amber,130,warm spicy,107,oud,84,animalic,52,leather,37,green,37,100,28,1,57,28,1,71,14,
15,Abdul Karim Al Faransi,Amber Ash-Sheikh Abdul Karim Al Faransi for men,oud,130,amber,91,woody,78,musky,52,animalic,36,,,100,40,1,80,20,1,100,20,
16,Abdul Karim Al Faransi,AKAF-47 Abdul Karim Al Faransi for men,woody,130,patchouli,72,earthy,62,green,60,aromatic,52,,,100,1,1,1,50,25,25,50,
17,Abdul Karim Al Faransi,Al Quds Abdul Karim Al Faransi for women and men,musky,130,balsamic,124,amber,111,patchouli,93,warm spicy,76,smoky,76,100,1,1,80,40,20,60,20,
18,Abdul Karim Al Faransi,Baghdad Abdul Karim Al Faransi for women and men,warm spicy,130,woody,113,rose,94,balsamic,44,powdery,38,,,100,50,37,100,62,25,62,37,
19,Abdul Karim Al Faransi,Jakarta Abdul Karim Al Faransi for men,woody,130,rose,51,amber,43,leather,43,balsamic,39,animalic,39,66,33,100,66,100,66,100,100,
20,Abdul Karim Al Faransi,Mukhallat Al Farisi Abdul Karim Al Faransi for men,woody,130,warm spicy,129,balsamic,48,leather,48,sweet,48,powdery,45,66,16,100,33,33,1,1,16,
21,Abdul Karim Al Faransi,Mukhallat At-Tabari Abdul Karim Al Faransi for men,rose,130,patchouli,87,floral,77,oud,76,woody,75,,,33,100,16,50,16,1,33,16,
22,Abdul Karim Al Faransi,Mukhallat Bushi Sensei Abdul Karim Al Faransi for women and men,woody,130,green,101,tropical,91,aquatic,52,fresh,48,floral,45,100,1,1,22,22,22,11,55,
23,Abdul Karim Al Faransi,Mukhallat di Corleone Abdul Karim Al Faransi for men,coffee,130,citrus,130,warm spicy,117,woody,98,balsamic,68,oud,65,100,40,20,20,100,80,40,80,
24,Abdul Karim Al Faransi,Mukhallat Thai-Zone Abdul Karim Al Faransi for men,woody,130,green,79,earthy,19,,,,,,,100,1,1,1,50,50,1,50,
25,Abdul Karim Al Faransi,RBX 59 Abdul Karim Al Faransi for men,amber,130,floral,130,woody,108,sweet,104,balsamic,98,,,100,14,1,42,57,28,42,42,
26,Abdul Karim Al Faransi,Sheikh Al Faransi Abdul Karim Al Faransi for men,amber,130,sweet,82,animalic,70,oud,56,floral,53,woody,50,100,30,80,90,30,10,60,30,
27,Abdul Karim Al Faransi,Singapore Abdul Karim Al Faransi for men,woody,130,green,72,fresh spicy,61,white floral,48,oud,48,,,100,1,20,20,20,20,20,20,
28,Abdul Karim Al Faransi,Bosaso Abdul Karim Al Faransi for women and men,fruity,130,tropical,111,sweet,89,ozonic,42,marine,40,,,50,100,1,50,50,100,50,100,
29,Abdul Karim Al Faransi,Bushra Abdul Karim Al Faransi for women and men,citrus,130,caramel,78,fresh,57,sweet,31,green,29,oud,26,1,100,1,1,33,33,1,33,
30,Abdul Karim Al Faransi,Caribbean Musk Abdul Karim Al Faransi for women and men,floral,130,fresh,90,tropical,87,vanilla,83,sweet,78,fruity,74,100,1,1,1,66,100,1,100,
31,Abdul Karim Al Faransi,Juwayriya Abdul Karim Al Faransi for women and men,sweet,130,fruity,98,musky,32,gourmand,0,,,,,100,1,1,1,100,100,100,100,
32,Abdul Karim Al Faransi,Kayseri Abdul Karim Al Faransi for women and men,rose,130,ozonic,114,aquatic,98,fresh,65,fruity,49,,,100,25,1,1,100,100,50,100,
33,Abdul Karim Al Faransi,Mukhallat Jamaiki Abdul Karim Al Faransi for women and men,tropical,130,woody,90,aquatic,84,musky,58,sweet,52,floral,51,50,50,50,1,100,100,1,50,
34,Abdul Karim Al Faransi,Musk Massilia No.2 Abdul Karim Al Faransi for women and men,aromatic,130,fresh spicy,104,floral,100,sweet,98,honey,74,,,66,100,33,1,66,66,66,66,
35,Abdul Karim Al Faransi,Roots Abdul Karim Al Faransi for women and men,amber,130,musky,111,woody,111,aromatic,78,green,67,earthy,61,100,1,1,1,1,1,1,1,
36,Abdul Karim Al Faransi,Tahiti Abdul Karim Al Faransi for women and men,vanilla,130,powdery,104,woody,91,coconut,91,balsamic,64,,,75,1,1,25,75,50,25,100,
37,Abdul Karim Al Faransi,Wasima Abdul Karim Al Faransi for women and men,sweet,130,fruity,100,musky,87,cherry,87,cinnamon,87,,,100,1,1,1,100,100,50,100,
38,Abdul Karim Al Faransi,Imperial Asiatic Musk Abdul Karim Al Faransi for women and men,woody,130,musky,78,balsamic,65,powdery,55,amber,52,green,52,100,25,1,25,50,50,25,50,
39,Abdul Karim Al Faransi,Imperial Desire Abdul Karim Al Faransi for women and men,powdery,130,woody,85,musky,75,floral,73,amber,59,,,100,25,1,25,25,1,25,25,
40,Abdul Karim Al Faransi,Musk Abiyad Deluxe Abdul Karim Al Faransi for women and men,woody,130,powdery,118,musky,111,balsamic,91,white floral,74,floral,71,100,50,1,100,100,100,100,100,
41,Abdul Karim Al Faransi,Musk Abiyad Optimum Abdul Karim Al Faransi for women and men,musky,130,amber,64,soft spicy,36,powdery,21,floral,17,vanilla,15,100,1,100,1,1,1,1,1,
42,Abdul Karim Al Faransi,Musk Al-Qurtubi Abdul Karim Al Faransi for women and men,floral,130,citrus,82,honey,49,green,33,sweet,25,aromatic,25,100,60,1,1,40,40,40,40,
43,Abdul Karim Al Faransi,Musk Aswad Abdul Karim Al Faransi for men,woody,130,musky,130,sweet,104,amber,91,honey,78,,,66,50,1,100,1,1,83,16,
44,Abdul Karim Al Faransi,Musk Dulcedinis Abdul Karim Al Faransi for women and men,powdery,130,woody,78,sweet,70,amber,60,musky,52,vanilla,52,33,33,1,66,100,100,66,100,
45,Abdul Karim Al Faransi,Musk Tahara Al Faransi Abdul Karim Al Faransi for women and men,musky,130,nutty,121,woody,116,citrus,88,rose,78,,,100,71,1,57,57,57,42,71,
46,Abdul Karim Al Faransi,Musk Tahara Monoi Abdul Karim Al Faransi for women and men,musky,130,floral,92,vanilla,72,powdery,22,aquatic,22,,,100,25,1,25,25,1,25,1,
47,Abdul Karim Al Faransi,Musk Tahara Yemeni Abdul Karim Al Faransi for women and men,musky,130,floral,42,powdery,34,honey,33,sweet,33,fruity,33,100,1,1,100,100,100,100,100,
48,Abdul Karim Al Faransi,Musk Warda No. 3 Abdul Karim Al Faransi for women and men,rose,130,musky,74,floral,73,aquatic,37,ozonic,30,,,50,100,1,50,100,50,50,100,
49,Abdul Karim Al Faransi,Royal White Musk Abdul Karim Al Faransi for women and men,musky,130,woody,117,powdery,93,rose,91,balsamic,82,,,100,50,1,50,83,83,50,66,
50,Abdul Karim Al Faransi,Bakhoor Hindi Abdul Karim Al Faransi for women and men,sweet,130,fruity,91,floral,87,musky,87,sour,35,,,100,100,100,1,100,100,1,1,
51,Abdul Karim Al Faransi,Bassam Abdul Karim Al Faransi for men,woody,130,floral,117,rose,65,honey,65,green,65,,,1,100,1,1,1,1,1,1,
52,Abdul Karim Al Faransi,Habibati Abdul Karim Al Faransi for women and men,floral,130,powdery,124,vanilla,93,musky,93,woody,74,,,100,100,1,1,66,66,1,66,
53,Abdul Karim Al Faransi,Hayati Abdul Karim Al Faransi for women and men,citrus,130,woody,100,sweet,100,white floral,85,powdery,85,honey,77,100,100,1,1,1,1,50,1,
54,Abdul Karim Al Faransi,Hind Abdul Karim Al Faransi for women and men,woody,130,warm spicy,87,rose,87,powdery,81,amber,78,balsamic,76,100,50,1,60,70,10,70,60,
55,Abdul Karim Al Faransi,Istanbul Abdul Karim Al Faransi for women and men,warm spicy,130,rose,127,fruity,61,leather,61,tobacco,46,,,75,100,1,25,100,1,100,75,
56,Abdul Karim Al Faransi,Mukhallat Al Andalus Abdul Karim Al Faransi for women and men,warm spicy,130,floral,80,rose,72,musky,48,leather,39,,,100,100,1,1,100,1,100,100,
57,Abdul Karim Al Faransi,Muqdisho Xamar Abdul Karim Al Faransi for women and men,woody,130,green,84,balsamic,59,aromatic,36,earthy,28,amber,25,100,1,1,1,66,33,1,66,
58,Abdul Karim Al Faransi,Sultan Abdul Karim Al Faransi for women and men,citrus,130,woody,127,floral,102,balsamic,89,powdery,76,,,50,100,50,1,50,50,1,50,
59,Abdul Karim Al Faransi,Sundus Abdul Karim Al Faransi for women and men,rose,130,musky,108,woody,76,amber,76,balsamic,68,white floral,65,100,50,1,50,1,1,50,33,
60,Abdul Karim Al Faransi,Dehn al Oud Cambodi Abdul Karim Al Faransi for men,oud,130,woody,100,fruity,35,fresh spicy,26,sweet,18,,,100,66,33,33,33,1,33,66,
61,Abdul Karim Al Faransi,Oud Hindi Abdul Karim Al Faransi for men,balsamic,130,leather,104,woody,104,honey,104,animalic,63,,,100,40,20,40,20,1,20,20,
62,Abdul Karim Al Faransi,Oud Thai Classic Abdul Karim Al Faransi for men,balsamic,130,smoky,104,woody,91,warm spicy,53,earthy,27,,,100,1,1,1,1,1,1,1,
63,Abdul Karim Al Faransi,Safeer Al Oud Abdul Karim Al Faransi for men,green,130,woody,65,sweet,65,aromatic,46,fresh spicy,33,,,1,1,1,1,1,1,1,1,
64,Abdul Karim Al Faransi,Wild Oud Cambodi Abdul Karim Al Faransi for men,sweet,130,honey,65,woody,65,fruity,43,floral,20,,,1,100,1,1,1,1,1,1,
66,Abdul Samad Al Qurashi,Al Ghar Abdul Samad Al Qurashi for women and men,oud,130,woody,107,powdery,80,rose,77,balsamic,75,,,100,50,50,100,75,75,75,75,
67,Abdul Samad Al Qurashi,Al Maqam Blend Abdul Samad Al Qurashi for women and men,floral,130,amber,105,oud,105,fresh,104,warm spicy,89,woody,87,100,40,20,60,40,20,40,80,
68,Abdul Samad Al Qurashi,Al Widad Abdul Samad Al Qurashi for women and men,floral,130,musky,73,amber,73,woody,73,fresh,58,,,1,100,1,1,1,1,1,1,
69,Abdul Samad Al Qurashi,Aqua Abdul Samad Al Qurashi for women,marine,130,amber,74,aromatic,74,salty,49,animalic,30,,,1,1,1,1,1,1,1,1,
70,Abdul Samad Al Qurashi,Blue Kenam Abdul Samad Al Qurashi for men,oud,130,fresh spicy,27,balsamic,1,woody,1,,,,,100,1,100,1,1,1,1,1,
71,Abdul Samad Al Qurashi,Dehn Oud Ateequ Abdul Samad Al Qurashi for women and men,oud,130,fresh spicy,26,balsamic,0,woody,0,,,,,100,90,10,70,20,10,50,30,
72,Abdul Samad Al Qurashi,Dhen Al Oud Safa Abdul Samad Al Qurashi for women and men,oud,130,fresh spicy,26,balsamic,0,woody,0,,,,,1,1,1,1,1,1,1,1,
73,Abdul Samad Al Qurashi,Floral-Fruity Rhythm Abdul Samad Al Qurashi for women,floral,130,white floral,130,fruity,65,sweet,33,animalic,26,sour,26,1,1,1,100,100,100,100,100,
74,Abdul Samad Al Qurashi,Ibraheem Abdul Samad Al Qurashi for women,white floral,130,animalic,59,yellow floral,46,amber,40,sweet,30,,,100,100,1,1,1,1,1,1,
75,Abdul Samad Al Qurashi,Khaltat Al Haram Abdul Samad Al Qurashi for women,floral,130,sweet,49,powdery,35,white floral,28,musky,28,yellow floral,28,100,71,1,42,42,28,42,42,
76,Abdul Samad Al Qurashi,Khasab Al Oud Abdul Samad Al Qurashi for women and men,oud,130,fresh spicy,26,balsamic,0,woody,0,100,36,,,,,20,60,40,12,28,40,
77,Abdul Samad Al Qurashi,Kunouz Abdul Samad Al Qurashi for women and men,aromatic,130,green,130,woody,111,fresh spicy,104,floral,78,,,1,1,1,1,1,1,1,1,
78,Abdul Samad Al Qurashi,Magic of the Orient - Pure Agarwood Oil Abdul Samad Al Qurashi for women and men,oud,130,fresh spicy,26,balsamic,0,woody,0,,,,,100,100,1,66,33,33,33,33,
79,Abdul Samad Al Qurashi,Magic of the Orient - Royal Amber Abdul Samad Al Qurashi for women and men,amber,130,animalic,52,balsamic,26,powdery,20,marine,13,,,1,100,50,50,50,50,50,100,
81,Abdul Samad Al Qurashi,Maleeh Al Aoud Blend Abdul Samad Al Qurashi for women and men,oud,130,fresh spicy,26,balsamic,0,woody,0,,,,,66,33,33,100,33,1,33,33,
82,Abdul Samad Al Qurashi,Malik Al Atoor Abdul Samad Al Qurashi for women and men,oud,130,amber,93,rose,56,animalic,37,fresh spicy,26,powdery,25,50,50,1,100,1,1,1,50,
83,Abdul Samad Al Qurashi,Musk Al Ajeeb Abdul Samad Al Qurashi for women and men,musky,130,amber,130,floral,84,oud,61,animalic,52,,,100,10,10,60,20,1,50,50,
84,Abdul Samad Al Qurashi,Pure Oriental Abdul Samad Al Qurashi for women,warm spicy,130,white floral,111,soft spicy,39,animalic,22,floral,0,amber,0,1,33,1,66,100,100,66,66,
85,Abdul Samad Al Qurashi,Rouh Al Aoud Abdul Samad Al Qurashi for women and men,oud,130,fresh spicy,26,balsamic,0,woody,0,,,,,100,53,1,53,53,46,61,61,
1,Abel,Cobalt Amber Abel for women and men,balsamic,130,amber,126,warm spicy,116,cacao,108,aromatic,94,,,100,100,1,100,100,100,100,50,
2,Abel,Golden Neroli Abel for women and men,woody,130,white floral,104,yellow floral,70,balsamic,65,powdery,63,citrus,62,100,1,1,1,100,100,1,100,
3,Abel,Grey Labdanum Abel for women and men,patchouli,130,balsamic,96,citrus,95,amber,90,warm spicy,65,,,100,25,1,25,1,25,25,50,
4,Abel,Red Santal Abel for women and men,fresh spicy,130,warm spicy,71,woody,71,balsamic,49,powdery,44,,,66,1,1,100,33,33,66,66,
5,Abel,Tonic Abel for women and men,green,130,aromatic,81,woody,62,citrus,54,fresh spicy,38,,,100,50,1,1,50,1,50,50,
6,Abel,Vintage`13 Abel for women and men,fresh spicy,130,woody,98,aromatic,66,warm spicy,64,herbal,44,,,33,33,1,33,100,100,100,66,
7,Abel,White Vetiver Abel for women and men,green,130,woody,90,aromatic,90,citrus,69,fresh spicy,62,,,100,33,1,1,33,33,33,33,
8,Abercrombie & Fitch,AbercrombieHOT Abercrombie & Fitch for men,ozonic,130,aquatic,116,coconut,72,amber,63,green,58,,,55,100,33,11,33,88,33,100,
9,Abercrombie & Fitch,Batch No. 46 Abercrombie & Fitch for men,musky,130,woody,15,amber,15,animalic,9,powdery,2,salty,2,100,75,25,1,25,25,25,25,
10,Abercrombie & Fitch,Blushed Abercrombie & Fitch for women,vanilla,130,citrus,122,sweet,50,white floral,49,powdery,39,rose,39,66,33,33,33,100,100,66,100,
11,Abercrombie & Fitch,Classic Abercrombie & Fitch for women,citrus,130,white floral,70,green,32,aromatic,24,terpenic,18,,,78,100,39,17,47,21,21,56,
12,Abercrombie & Fitch,Colden Abercrombie & Fitch for men,fresh spicy,130,citrus,48,musky,34,amber,34,aromatic,14,animalic,14,36,100,22,45,31,13,50,63,
13,Abercrombie & Fitch,Endeavor Abercrombie & Fitch for men,citrus,130,leather,65,aromatic,39,animalic,33,fresh spicy,33,green,33,75,100,1,25,50,50,50,50,
14,Abercrombie & Fitch,Ezra Abercrombie & Fitch for women,floral,130,fresh,64,fruity,57,rose,52,fresh spicy,33,musky,33,100,87,31,12,37,18,12,50,
15,Abercrombie & Fitch,Fierce Abercrombie & Fitch for men,woody,130,aromatic,106,citrus,73,fresh spicy,62,musky,58,green,54,100,58,23,26,50,40,38,62,
16,Abercrombie & Fitch,Fierce Blue Abercrombie & Fitch for men,aromatic,130,marine,124,woody,89,amber,59,fresh spicy,47,salty,47,1,50,1,1,1,50,1,100,
17,Abercrombie & Fitch,Fierce Confidence Abercrombie & Fitch for men,citrus,130,fresh spicy,116,aromatic,105,woody,89,amber,87,fruity,82,100,9,1,1,27,27,36,54,
18,Abercrombie & Fitch,Fierce for Her Abercrombie & Fitch for women,woody,130,marine,81,floral,65,fresh,52,rose,33,salty,33,75,100,1,1,1,1,1,50,
19,Abercrombie & Fitch,Fierce Icon Abercrombie & Fitch for men,fresh spicy,130,citrus,77,aromatic,23,floral,12,green,8,powdery,8,100,100,75,25,75,75,50,75,
20,Abercrombie & Fitch,Fierce Intense Abercrombie & Fitch for men,musky,130,ozonic,88,aromatic,84,aquatic,79,marine,66,,,100,33,22,33,88,66,77,66,
21,Abercrombie & Fitch,First Instinct Abercrombie & Fitch for men,ozonic,130,aquatic,105,musky,87,aromatic,68,fresh,62,,,83,100,26,8,72,70,17,73,
22,Abercrombie & Fitch,First Instinct for Her Abercrombie & Fitch for women,floral,130,sweet,126,amber,87,balsamic,81,citrus,81,,,33,100,25,3,40,29,18,44,
23,Abercrombie & Fitch,Wakely Abercrombie & Fitch for women,citrus,130,sweet,96,white floral,75,fresh,65,amber,41,,,100,82,25,21,67,53,32,71,
24,Abercrombie & Fitch,Woods Abercrombie & Fitch for men,aromatic,130,musky,118,citrus,118,woody,92,warm spicy,79,fresh spicy,76,100,33,16,50,66,66,83,33,
25,Abercrombie & Fitch,Woods 2010 Edition Abercrombie & Fitch for men,aromatic,130,woody,74,fresh spicy,63,floral,47,green,44,earthy,41,91,100,24,56,24,13,35,54,
28,Abercrombie & Fitch,8 Abercrombie & Fitch for women,citrus,130,vanilla,85,floral,81,musky,81,powdery,63,,,100,61,15,47,14,28,28,60,
29,Abercrombie & Fitch,8 Always Pretty Abercrombie & Fitch for women,woody,130,floral,130,white floral,130,balsamic,91,powdery,79,,,100,50,1,1,50,50,1,50,
1,Abinoam,Beleza Abinoam for women and men,powdery,130,woody,109,musky,109,vanilla,109,balsamic,76,floral,76,100,1,1,1,1,100,1,100,
2,Abinoam,Cobice Abinoam for women and men,leather,130,patchouli,98,woody,91,fruity,78,animalic,65,earthy,65,1,1,1,1,1,100,1,100,
3,Abinoam,Corazon Abinoam for women and men,green,130,white floral,111,amber,93,floral,93,ozonic,65,animalic,60,100,1,1,1,1,1,100,100,
4,Abinoam,Desejo Abinoam for women and men,cacao,130,sweet,121,powdery,91,woody,91,white floral,87,vanilla,87,1,33,1,33,33,33,33,100,
5,Abinoam,Inveja Abinoam for women and men,white floral,130,tuberose,72,musky,62,animalic,43,floral,0,,,1,50,1,100,100,100,100,100,
6,Absolument Parfumeur,Absolument Absinthe Absolument Parfumeur for women,green,130,aromatic,76,fresh spicy,75,citrus,74,floral,60,warm spicy,60,44,77,22,44,66,83,55,100,
7,Absolument Parfumeur,Absolument Femme Absolument Parfumeur for women,floral,130,citrus,106,warm spicy,99,fresh spicy,85,powdery,69,,,1,100,66,1,1,1,1,1,
8,Absolument Parfumeur,Absolument Homme Absolument Parfumeur for men,fresh spicy,130,warm spicy,111,woody,109,patchouli,105,balsamic,80,musky,74,85,85,14,100,57,57,85,71,
9,Absolument Parfumeur,Aqua di Aix  Absolument Parfumeur for women,warm spicy,130,aromatic,120,woody,98,balsamic,92,fresh spicy,78,,,1,100,1,100,1,1,100,1,
10,Absolument Parfumeur,La 13eme Note Femme Absolument Parfumeur for women,sweet,130,powdery,114,fruity,85,floral,79,vanilla,68,,,100,100,1,1,1,1,1,1,
11,Absolument Parfumeur,La Treizième Note Homme Absolument Parfumeur for men,fresh spicy,130,herbal,106,aromatic,104,warm spicy,78,bitter,74,,,33,100,1,66,100,1,100,100,
12,Absolument Parfumeur,Luxury Overdose Absolument Parfumeur for women and men,powdery,130,woody,76,sweet,58,herbal,48,soft spicy,45,,,33,33,1,100,66,1,100,66,
13,Acca Kappa,1869 Acca Kappa for men,leather,130,aromatic,128,ozonic,124,fresh spicy,120,warm spicy,93,aquatic,91,83,91,41,33,91,50,83,100,
14,Acca Kappa,1869 Eau de Parfum Acca Kappa for men,aromatic,130,fresh spicy,93,woody,79,warm spicy,70,green,51,,,80,80,20,1,80,60,40,100,
15,Acca Kappa,Black Pepper & Sandalwood Acca Kappa for women and men,warm spicy,130,woody,111,fresh spicy,97,balsamic,68,powdery,42,,,100,94,31,57,31,21,68,63,
16,Acca Kappa,Blue Lavender Acca Kappa for women,aromatic,130,fresh spicy,104,floral,74,woody,71,balsamic,34,powdery,33,1,100,14,57,28,28,71,42,
17,Acca Kappa,Calycanthus Acca Kappa for women,white floral,130,sweet,74,fresh,56,floral,55,citrus,52,,,84,71,28,37,78,56,31,100,
18,Acca Kappa,Cedro Acca Kappa for men,woody,130,citrus,112,aromatic,94,warm spicy,72,green,45,,,63,100,27,36,90,63,54,63,
19,Acca Kappa,Fior d'Aqua Acca Kappa for women and men,citrus,130,white floral,118,floral,80,balsamic,76,warm spicy,54,patchouli,49,1,1,1,100,100,100,100,100,
20,Acca Kappa,Giallo Elicriso Acca Kappa for men,woody,130,fresh spicy,78,citrus,73,aquatic,62,green,52,aromatic,47,100,66,1,33,33,66,66,100,
21,Acca Kappa,Giardino Segreto Acca Kappa for women,rose,130,woody,108,warm spicy,95,aromatic,69,musky,67,yellow floral,67,100,80,20,20,1,20,60,60,
22,Acca Kappa,Glicine Acca Kappa for women,floral,130,fresh,98,woody,90,powdery,70,citrus,65,balsamic,63,100,90,20,30,60,50,40,60,
23,Acca Kappa,Green Mandarin Acca Kappa for women and men,citrus,130,green,104,aromatic,82,fresh spicy,80,woody,42,,,37,12,75,12,25,87,25,100,
24,Acca Kappa,Hibiscus Acca Kappa for women,floral,130,citrus,37,fresh spicy,36,amber,23,aquatic,16,powdery,16,25,100,37,1,75,87,12,87,
25,Acca Kappa,Idillio Acca Kappa for women and men,woody,130,balsamic,78,amber,65,patchouli,65,warm spicy,59,powdery,55,100,1,1,66,66,1,66,66,
26,Acca Kappa,LiboCedro Acca Kappa for men,woody,130,aromatic,121,herbal,90,citrus,78,warm spicy,66,soft spicy,61,66,100,33,1,66,1,33,66,
27,Acca Kappa,Mimosa Acca Kappa for women,floral,130,powdery,126,almond,76,sweet,76,yellow floral,67,,,50,100,1,1,1,1,50,25,
28,Acca Kappa,Ode Acca Kappa for women and men,oud,130,rose,130,warm spicy,83,fresh spicy,59,leather,39,,,50,1,1,100,50,1,100,50,
1,Accendis,Accendis 0.1 Accendis for women and men,woody,130,rose,122,balsamic,79,herbal,54,warm spicy,42,green,41,100,100,1,100,1,1,100,100,
2,Accendis,Accendis 0.2 Accendis for women and men,balsamic,130,woody,76,amber,54,fresh spicy,39,oud,33,,,100,20,1,60,20,20,80,40,
3,Accendis,Aclus Accendis for women and men,woody,130,citrus,116,amber,116,musky,90,powdery,71,fresh spicy,66,100,100,1,33,66,33,33,66,
4,Accendis,Lucepura Accendis for women and men,aromatic,130,woody,124,balsamic,68,tobacco,62,musky,62,amber,62,1,1,1,1,100,1,100,100,
5,Accendis,Lucevera Accendis for women and men,fruity,130,woody,125,sweet,93,vanilla,93,patchouli,93,,,1,1,1,1,100,1,100,100,
6,Accessorize,A Scent Accessorize for women,fresh spicy,130,citrus,112,aromatic,75,woody,50,sweet,44,,,1,1,1,1,1,1,1,1,
7,Accessorize,Accessorize Accessorize for women,white floral,130,floral,122,citrus,102,fresh,77,rose,59,powdery,56,37,100,12,6,62,25,18,62,
8,Accessorize,Bliss Accessorize for women,citrus,130,fresh spicy,30,aromatic,10,terpenic,10,aldehydic,8,,,1,1,1,1,1,1,1,1,
9,Accessorize,Charm Accessorize for women,marine,130,amber,118,yellow floral,95,aromatic,71,herbal,60,,,1,1,1,1,1,1,1,1,
10,Accessorize,Enchanted Accessorize for women,sweet,130,powdery,57,cacao,46,woody,40,fruity,32,,,81,100,9,1,63,81,9,63,
11,Accessorize,Joy Accessorize for women,fruity,130,sweet,76,ozonic,69,aquatic,69,citrus,69,,,1,1,1,1,1,1,1,1,
12,Accessorize,Love Accessorize for women,citrus,130,warm spicy,65,fresh spicy,46,fresh,33,aromatic,20,,,50,100,1,1,1,1,1,1,
13,Accessorize,Lovelily Accessorize for women,sweet,130,floral,108,vanilla,107,musky,104,citrus,81,,,1,1,1,100,100,1,100,100,
14,Accessorize,Passion Accessorize for women,fruity,130,sweet,65,floral,65,warm spicy,65,sour,49,,,1,100,1,1,100,100,1,100,
15,Accessorize,Promise Accessorize for women,floral,130,white floral,123,fresh,94,citrus,91,fruity,75,powdery,71,1,100,1,1,1,1,1,1,
16,Accessorize,Rock Accessorize for women,fruity,130,white floral,74,tropical,67,citrus,67,aromatic,50,sweet,50,1,1,1,1,1,1,1,1,
17,Accessorize,Spirit Accessorize for women,citrus,130,sweet,72,fruity,59,woody,14,fresh,14,fresh spicy,14,1,1,1,1,1,1,1,1,
18,Accessorize,True Accessorize for women,citrus,130,warm spicy,87,fresh spicy,72,aromatic,52,musky,44,,,1,1,1,1,1,1,1,1,
19,Accord Parfait,Ambre & Lavande Accord Parfait for women and men,aromatic,130,amber,104,fresh spicy,104,floral,78,animalic,42,herbal,39,66,100,33,33,1,1,1,1,
20,Accord Parfait,Citron & Mandarine Accord Parfait for women and men,citrus,130,fresh,20,fresh spicy,20,green,12,terpenic,11,aromatic,10,100,33,1,1,1,33,1,33,
21,Accord Parfait,Heliotrope & Santal Accord Parfait for women and men,powdery,130,woody,127,floral,107,balsamic,89,vanilla,63,,,33,66,1,66,66,66,100,100,
22,Accord Parfait,Mirabelle & Gardenia Accord Parfait for women,white floral,130,fruity,95,sweet,80,animalic,26,sour,16,,,20,40,20,60,100,60,80,40,
23,Accord Parfait,Patchouli & Musc Blanc Accord Parfait for women and men,patchouli,130,musky,74,warm spicy,65,earthy,52,balsamic,39,,,14,100,85,42,42,42,42,42,
24,Accord Parfait,Rose & Neroli Accord Parfait for women,rose,130,citrus,88,white floral,81,narcotic,65,fresh,49,floral,46,1,100,50,1,50,1,1,50,
25,Accord Parfait,The Noir & Bergamote Accord Parfait for women and men,green,130,citrus,118,fresh spicy,71,ozonic,60,aromatic,36,fresh,36,1,100,100,1,1,1,1,1,
26,Ach. Brito,Agua de Colonia Antiga Ach. Brito for women and men,citrus,130,aromatic,89,fresh spicy,75,green,33,fresh,28,woody,27,33,1,1,100,100,66,66,100,
27,Ach. Brito,Lavanda Ach. Brito for men,aromatic,130,fresh spicy,117,floral,78,citrus,65,woody,57,,,62,50,1,25,100,87,37,87,
28,Acorelle,Absolu Fruits Acorelle for women,fruity,130,aquatic,124,vanilla,124,fresh,87,ozonic,87,sweet,87,1,100,1,1,1,1,1,1,
29,Acorelle,Absolu Tiaré Acorelle for women,white floral,130,vanilla,68,citrus,61,sweet,58,yellow floral,33,fruity,32,35,100,28,1,21,35,1,35,
30,Acorelle,Amande de Ble Acorelle for women,yellow floral,130,sweet,127,almond,117,fruity,85,floral,77,nutty,70,10,100,10,10,10,1,30,30,
31,Acorelle,Baies Sauvages Acorelle for women,powdery,130,warm spicy,120,green,108,floral,99,woody,55,rose,55,50,100,16,1,16,1,16,33,
32,Acorelle,Cerise Intense Acorelle for women,floral,130,fruity,78,fresh,61,sweet,55,white floral,53,100,33,100,33,1,33,66,66,33,66,
33,Acorelle,Chypre Essentiel Acorelle for women,warm spicy,130,patchouli,31,floral,21,earthy,13,balsamic,9,25,100,25,100,25,1,1,1,1,1,
35,Acorelle,Coeur De Rose Acorelle for women,powdery,130,rose,52,floral,42,fresh,23,woody,21,,,100,100,1,1,100,100,100,100,
36,Acorelle,Delicious by Sara La Fountain Acorelle for women,sweet,130,vanilla,68,honey,68,almond,51,nutty,46,,,50,100,1,1,1,1,1,50,
37,Acorelle,Divine Orchidee Acorelle for women,floral,130,sweet,86,warm spicy,83,powdery,74,patchouli,62,fruity,59,33,100,33,1,66,66,33,66,
38,Acorelle,Douceur de Rose Acorelle for women,rose,130,fruity,73,floral,63,sweet,63,fresh spicy,59,,,50,100,50,1,1,50,50,50,
39,Acorelle,Eau De Plage Acorelle for women,white floral,130,aromatic,111,green,91,fresh spicy,69,vanilla,65,,,1,1,1,1,1,1,1,1,
40,Acorelle,Exquise Vanille Acorelle for women,vanilla,130,honey,95,sweet,79,citrus,64,powdery,43,,,1,100,1,1,50,50,1,50,
41,Acorelle,Fleur de Vanille Acorelle for women,vanilla,130,patchouli,95,powdery,85,balsamic,64,sweet,59,,,100,50,50,50,1,1,1,1,
42,Acorelle,Fleur Poivrée Acorelle for women,floral,130,vanilla,74,woody,74,fresh spicy,74,powdery,67,warm spicy,63,1,100,1,50,50,50,50,50,
43,Acorelle,Infusion de Neroli Acorelle for women and men,white floral,130,citrus,96,aromatic,50,green,47,narcotic,30,fresh,29,33,100,33,1,33,66,1,66,
44,Acorelle,Jardin des Thes Acorelle for women,citrus,130,aromatic,89,green,80,fresh spicy,74,patchouli,33,,,35,100,14,28,50,50,28,57,
45,Acorelle,Jasmin Troublant Acorelle for women,woody,130,fruity,95,white floral,71,powdery,55,sweet,47,,,1,100,1,1,33,33,1,33,
46,Acorelle,Lotus Bambou Acorelle for women and men,citrus,130,woody,73,floral,51,green,45,aromatic,42,,,10,100,5,10,47,31,10,36,
47,Acorelle,Orchidee Blanche Acorelle for women,vanilla,130,fruity,62,powdery,58,sweet,53,white floral,30,,,15,100,10,10,35,30,15,40,
48,Acorelle,Patchouli Essentiel Acorelle for women and men,balsamic,130,amber,91,patchouli,47,aromatic,46,sweet,40,,,100,25,16,33,25,25,41,25,
49,Acorelle,R de Rose Acorelle for women,rose,130,fresh spicy,118,floral,105,sweet,92,aromatic,70,fruity,64,40,100,20,20,40,40,20,60,
50,Acorelle,Reve de Lotus Acorelle for women and men,green,130,aromatic,82,fresh spicy,66,citrus,49,floral,34,ozonic,33,1,1,100,1,1,1,1,1,
51,Acorelle,Sauge Marine Acorelle for women and men,aromatic,130,woody,118,citrus,118,herbal,83,soft spicy,60,,,1,1,1,1,100,1,100,100,
52,Acorelle,Terre de Cèdre Acorelle for women and men,woody,130,citrus,76,aromatic,53,green,46,earthy,42,fresh,38,11,100,11,11,22,1,44,55,
53,Acorelle,Vanille Ambree Acorelle for women,vanilla,130,almond,91,sweet,81,powdery,71,nutty,55,floral,50,71,100,28,57,35,14,64,71,
54,Acorelle,Vanille Gardenia Acorelle for women,citrus,130,white floral,77,green,71,coconut,66,vanilla,64,sweet,62,33,66,100,1,1,33,1,1,
55,Acorelle,Verveine Agrumes Acorelle for women,citrus,130,aromatic,45,green,36,fresh spicy,28,white floral,19,fresh,18,83,100,16,16,33,33,50,66,
56,Acqua Alpes,2334 Acqua Alpes for women and men,citrus,130,fresh spicy,125,aromatic,120,vanilla,108,amber,78,,,1,1,1,1,100,1,100,100,
57,Acqua Alpes,2677 Acqua Alpes for women and men,woody,130,aromatic,118,citrus,118,white floral,89,patchouli,89,,,1,1,1,1,100,100,100,100,
58,Acqua Alpes,2828 Acqua Alpes for women and men,citrus,130,white floral,55,green,33,woody,33,aromatic,20,,,1,1,1,1,100,100,100,100,
59,Acqua Alpes,OUD 3007 Acqua Alpes for women and men,oud,130,patchouli,130,citrus,100,soft spicy,91,floral,80,fresh spicy,75,1,1,1,100,1,1,100,100,
60,Acqua Alpes,OUD 3333 Acqua Alpes for women and men,citrus,130,fresh spicy,75,leather,65,woody,55,aromatic,54,oud,49,1,1,1,100,1,1,100,100,
61,Acqua del Garda,Gelsomino Assoluto Acqua del Garda for women,citrus,130,woody,106,white floral,91,green,72,patchouli,65,,,100,1,1,100,100,1,100,100,
62,Acqua del Garda,Intenso d`Agrumi Acqua del Garda for men,sweet,130,balsamic,67,vanilla,66,woody,59,powdery,57,aromatic,57,1,1,1,100,1,1,100,1,
63,Acqua del Garda,Itinerary I Acqua del Garda for men,citrus,130,balsamic,122,smoky,98,white floral,93,woody,93,,,100,50,50,50,1,1,100,1,
64,Acqua del Garda,Itinerary II Acqua del Garda for women and men,woody,130,citrus,89,balsamic,65,sweet,63,musky,58,fruity,56,66,66,1,66,100,66,100,100,
65,Acqua del Garda,Itinerary III Acqua del Garda for women,sweet,130,fruity,81,rose,70,almond,60,musky,50,,,1,100,50,100,50,50,50,100,
66,Acqua del Garda,Itinerary IV Acqua del Garda for women,fruity,130,sweet,91,citrus,66,patchouli,61,savory,56,,,50,1,1,50,50,50,50,100,
67,Acqua dell Elba,Arcipelago Men Acqua dell Elba for men,woody,130,aromatic,119,fresh spicy,99,herbal,31,soft spicy,22,,,60,60,1,1,100,60,60,100,
68,Acqua dell Elba,Arcipelago Women Acqua dell Elba for women,white floral,130,citrus,123,sweet,111,woody,80,herbal,65,,,50,87,12,25,75,100,50,87,
69,Acqua dell Elba,Bimbi Acqua dell Elba for women and men,citrus,130,sweet,48,herbal,48,amber,43,balsamic,35,,,100,1,1,1,1,1,1,1,
70,Acqua dell Elba,Blu Men Acqua dell Elba for men,citrus,130,woody,77,earthy,33,fresh spicy,32,terpenic,22,floral,21,66,66,1,11,77,77,33,100,
71,Acqua dell Elba,Blu Women Acqua dell Elba for women,woody,130,herbal,82,aromatic,80,marine,78,sweet,73,,,90,100,40,1,60,70,20,70,
72,Acqua dell Elba,Classica Men Acqua dell Elba for men,aromatic,130,citrus,114,woody,94,marine,87,fresh spicy,62,,,50,87,12,50,62,87,62,100,
73,Acqua dell Elba,Classica Women Acqua dell Elba for women,white floral,130,aromatic,56,marine,45,citrus,41,fresh spicy,28,herbal,26,46,100,20,6,26,60,13,66,
74,Acqua dell Elba,Eau de Parfum Napoleone Bonaparte Acqua dell Elba for men,aromatic,130,woody,98,fresh spicy,85,citrus,36,balsamic,28,marine,27,1,100,50,50,100,50,100,100,
75,Acqua dell Elba,Eau de Parfum Paolina Bonaparte Acqua dell Elba for women,fresh spicy,130,aromatic,111,woody,57,green,52,citrus,39,,,1,100,1,1,100,1,100,100,
76,Acqua dell Elba,Sport Acqua dell Elba for women and men,fresh spicy,130,woody,109,aromatic,107,citrus,80,floral,78,,,50,1,1,1,100,50,50,50,
77,Acqua dell Elba,Essenza di un'Isola Acqua Acqua dell Elba for women and men,woody,130,white floral,73,citrus,73,fresh spicy,65,aromatic,65,,,66,1,1,1,100,100,66,100,
78,Acqua dell Elba,Essenza di un'Isola Altrove Acqua dell Elba for men,balsamic,130,woody,105,smoky,87,aromatic,71,fresh spicy,50,,,50,25,1,100,1,1,100,50,
79,Acqua dell Elba,Essenza di un'Isola Smeraldo Acqua dell Elba for women,citrus,130,woody,130,aromatic,104,fresh spicy,100,balsamic,72,,,50,1,50,50,100,1,100,100,
80,Acqua Delle Langhe,Alba Acqua Delle Langhe for women,aromatic,130,fresh spicy,83,marine,70,woody,69,yellow floral,60,,,1,1,100,100,100,100,100,100,
81,Acqua Delle Langhe,Arborina Acqua Delle Langhe for women,citrus,130,woody,95,aromatic,56,warm spicy,45,white floral,45,powdery,41,1,1,1,1,1,1,1,1,
82,Acqua Delle Langhe,Cannubi Acqua Delle Langhe for women and men,citrus,130,woody,118,aromatic,105,earthy,82,green,66,warm spicy,62,100,100,1,100,100,100,100,100,
83,Acqua Delle Langhe,Cerequio Acqua Delle Langhe for women and men,balsamic,130,amber,124,woody,83,vanilla,67,almond,67,,,100,25,25,50,25,1,1,25,
84,Acqua Delle Langhe,Lirano Acqua Delle Langhe for women and men,green,130,aromatic,128,musky,113,marine,113,sweet,89,,,1,50,1,50,50,100,100,100,
85,Acqua Delle Langhe,Neirane Acqua Delle Langhe for women and men,fresh spicy,130,aromatic,114,woody,104,herbal,81,floral,81,,,100,100,100,1,1,1,1,1,
86,Acqua Delle Langhe,Sarmassa Acqua Delle Langhe for women,citrus,130,woody,101,musky,72,vanilla,61,warm spicy,58,,,100,50,50,1,1,1,1,1,
87,Acqua Delle Langhe,Villero Acqua Delle Langhe for women and men,woody,130,citrus,121,aromatic,118,fresh spicy,91,floral,49,earthy,48,100,100,1,1,100,100,100,100,
88,Acqua di Biella,Acqua di Biella N° 1 Acqua di Biella for women and men,aromatic,130,fresh spicy,110,green,87,citrus,78,white floral,68,,,66,16,1,16,83,66,50,100,
89,Acqua di Biella,Baraja Acqua di Biella for women and men,woody,130,aromatic,91,citrus,79,warm spicy,71,powdery,62,green,60,50,75,25,8,58,50,16,100,
90,Acqua di Biella,Bursch Acqua di Biella for men,woody,130,aromatic,115,citrus,76,balsamic,60,green,51,,,100,20,60,40,40,20,60,20,
1,Acqua di Genova,1853 Lady Acqua di Genova for women,balsamic,130,fresh spicy,106,citrus,96,woody,77,aromatic,63,smoky,62,100,33,66,66,100,33,33,100,
2,Acqua di Genova,1853 Man Acqua di Genova for men,citrus,130,amber,63,woody,57,white floral,54,musky,54,,,66,1,33,1,100,100,33,66,
3,Acqua di Genova,Colonia Classica Acqua di Genova for women and men,citrus,130,aromatic,86,fresh spicy,82,white floral,76,woody,54,,,100,63,9,36,72,81,45,90,
4,Acqua di Genova,Fontana di Trevi XII Acqua di Genova for women,white floral,130,citrus,98,floral,70,musky,38,fresh spicy,28,,,60,80,1,20,100,60,20,80,
1,Acqua di Genova,1853 Lady Acqua di Genova for women,balsamic,130,fresh spicy,106,citrus,96,woody,77,aromatic,63,smoky,62,100,33,66,66,100,33,33,100,
2,Acqua di Genova,1853 Man Acqua di Genova for men,citrus,130,amber,63,woody,57,white floral,54,musky,54,,,66,1,33,1,100,100,33,66,
3,Acqua di Genova,Colonia Classica Acqua di Genova for women and men,citrus,130,aromatic,86,fresh spicy,82,white floral,76,woody,54,,,100,63,9,36,72,81,45,90,
4,Acqua di Genova,Fontana di Trevi XII Acqua di Genova for women,white floral,130,citrus,98,floral,70,musky,38,fresh spicy,28,,,60,80,1,20,100,60,20,80,